,도로명,위도,경도
0,"영통구 광교중앙로 145, 1층 3~4호 (이의동, 광교엘포트아이파크)",37.2870278,127.0577371
1,"영통구 센트럴타운로 111, 101호 (이의동, 광교스타힐스 오피스텔)",37.2925601,127.0491306
2,"영통구 에듀타운로 101 (이의동, 에듀하임1309오피스텔)",37.2893009,127.0452417
3,영통구 창룡대로 442 (이의동),37.2964879,127.0564889
4,"영통구 도청로 95 (이의동, 유니코어)",37.2909056,127.0477286
5,"영통구 웰빙타운로 19, 대림이편한단지상가 (이의동, 광교한양수자인)",37.3049065,127.0488953
6,"영통구 대학로 12, 1층 (이의동)",37.2977055,127.0422025
7,영통구 대학1로8번길 109 (이의동),37.2989573,127.0469053
8,"영통구 광교로 156, 108호 (이의동)",37.2938317,127.0494386
9,"영통구 창룡대로 260, 104호 (이의동, 광교 센트럴비즈타워)",37.2955408,127.0376141
10,"영통구 센트럴타운로 85, 203동 1층 A114호 (이의동, 광교C1 호반베르디움, Summit Place광교)",37.2907368,127.0504529
11,"영통구 에듀타운로 24, 104호 (이의동, 그린메디칼)",37.2852309,127.0523176
12,"영통구 웰빙타운로49번길 36, 102호 (이의동)",37.3039667,127.0471593
13,영통구 대학3로4번길 12 (이의동),37.2999374,127.0434998
14,영통구 센트럴파크로127번길 122 (이의동),37.2936789,127.0541069
15,영통구 대학1로8번길 51 (이의동),37.2983750,127.0442883
16,영통구 대학1로8번길 51 (이의동),37.2983750,127.0442883
17,"영통구 대학3로4번길 50 (이의동, 광교 장안프라임 오피스텔)",37.3009037,127.0424662
18,"영통구 도청로18번길 26, 1층 136호 (이의동, 힐스테이트광교중앙역)",37.2875826,127.0568585
19,"영통구 도청로 65, 지하2층 117호(이의동) (이의동, 자연앤 힐스테이트)",37.2879340,127.0504670
20,"영통구 센트럴타운로 76, 2동 103호 (이의동, e편한세상 광교)",37.2920183,127.0541977
21,영통구 대학3로4번길 15 (이의동),37.3003053,127.0431970
22,"영통구 광교로 114 (이의동, 광교데시앙루브)",37.2906069,127.0458146
23,"영통구 대학로 34, 111호 (이의동)",37.2992617,127.0436433
24,"영통구 창룡대로 250 (이의동, 수원광교 따복하우스)",37.2947375,127.0367648
25,"영통구 센트럴파크로 60, 107~108호 (이의동, 래미안 광교)",37.2913984,127.0612479
26,영통구 센트럴타운로 114 (이의동),37.2930077,127.0495558
27,"영통구 도청로 10 (이의동, 광교센트럴푸르지오시티)",37.2866697,127.0554484
28,"영통구 센트럴타운로 15, 124호 (이의동, 아이플렉스)",37.2881582,127.0573971
29,"영통구 센트럴파크로127번길 83, 1층 (이의동)",37.2940719,127.0522599
30,"영통구 웰빙타운로 70 (이의동, 광교 호반베르디움)",37.3072959,127.0437729
31,"영통구 대학4로 17, 104호  에이스광교타워 (이의동)",37.3001653,127.0467106
32,"영통구 도청로10, 1층",37.2866697,127.0554484
33,영통구 웰빙타운로49번길 32 (이의동),37.3041292,127.0468930
34,영통구 대학1로8번길71,37.2979974,127.0452277
35,영통구 대학3로 1 (이의동),37.2992353,127.0426790
36,"영통구 센트럴타운로 85 (이의동, 광교c1호반베르디움)",37.2907368,127.0504529
37,영통구 대학1로50번길 12 ,37.2994387,127.0446044
38,"영통구 에듀타운로 108 (이의동, 광교 경동 해피리움)",37.2903253,127.0454583
39,영통구 대학로 6 (이의동),37.2971522,127.0416579
40,영통구 광교로42번길 80 (이의동),37.2863158,127.0443050
41,영통구 대학3로4번길 2,37.2995801,127.0431220
42,"영통구 에듀타운로 35, 상가2동 103호 (이의동, 자연앤자이)",37.2853906,127.0506605
43,"영통구 대학로 48, A-103 (이의동)",37.3002055,127.0445497
44,"창룡대로256번길91, 에이스광교타워2차 1층109호",37.2957605,127.0416666
45,"영통구 센트럴타운로 107, B12호 (이의동, 광교푸르지오 월드마크)",37.2920270,127.0483378
46,"영통구 센트럴타운로 107, 1층21호 (이의동, 광교푸르지오 월드마크)",37.2920270,127.0483378
47,"영통구 웰빙타운로56번길 76 (이의동, e편한세상 TERRACE 광교 West hill)",37.3096220,127.0448504
48,"영통구 도청로 10 (이의동, 광교센트럴푸르지오시티)",37.2866697,127.0554484
49,"영통구 도청로89번길 43, 1동 103호 (이의동, 에듀프라자)",37.2891442,127.0472297
50,"영통구 광교산로154-42, 드림타워1층",37.3005585,127.0347399
51,"영통구 대학4로 32, 1층 102호 (이의동)",37.2990830,127.0475449
52,영통구 웰빙타운로 43,37.3051145,127.0465116
53,영통구 광교로 191 (이의동),37.2963486,127.0469684
54,"영통구 에듀타운로 101, 108동 B104호 (이의동, 에듀하임1309오피스텔)",37.2893009,127.0452417
55,"영통구 광교로 286, 101호 (이의동, 광교 해모로 아파트)",37.3069390,127.0524545
56,"영통구 대학3로 7, 103호 (이의동)",37.2998203,127.0421299
57,영통구 센트럴파크로128번길 7 (이의동),37.2954768,127.0564161
58,"영통구 창룡대로256번길 77, B114, B115 (이의동, 에이스 광교타워3)",37.2961352,127.0408421
59,"영통구 센트럴타운로 94 (이의동, 앤에스코어빌딩)",37.2919668,127.0509055
60,"영통구 센트럴타운로 107 (이의동, 광교푸르지오 월드마크)",37.2920270,127.0483378
61,"영통구 대학로 98, 8116동106호 (이의동, 광교 호반베르디움 트라엘)",37.3033219,127.0499171
62,"영통구 에듀타운로 84, 105~109호 (이의동, 세븐스퀘어)",37.2887938,127.0473824
63,"영통구 센트럴타운로 15 (이의동, 아이플렉스)",37.2881582,127.0573971
64,영통구 혜령로 8 (이의동),37.2842712,127.0521608
65,영통구 대학2로 55 상가동 103호,,
66,영통구 웰빙타운로49번길 36 (이의동),37.3039667,127.0471593
67,영통구 센트럴파크로127번길 141 (이의동),37.2944438,127.0551024
68,"영통구 에듀타운로106번길46, 118호",37.2904996,127.0470010
69,"영통구 센트럴타운로22번길 36 (이의동, 광교센트럴타운60단지)",37.2892698,127.0590186
70,영통구 센트럴파크로127번길 170 (이의동),37.2947795,127.0560428
71,"영통구 도청로 65, 에듀문상가 현대마트 (이의동, 자연앤 힐스테이트)",37.2879340,127.0504670
72,영통구 광교중앙로266번길 20 (하동),37.2928287,127.0686624
73,"영통구 광교중앙로170, B층117~119",37.2881246,127.0607027
74,용인시 기흥구 용구대로2426,37.3029531,127.1065797
75,영통구 광교호수공원로 320 (하동),37.2847383,127.0574831
76,"영통구 광교중앙로 170, 123호",37.2881246,127.0607027
77,"영통구 광교호수공원로 300 (하동, 포레나 광교)",37.2841872,127.0580985
78,"영통구 광교중앙로 247, 상가동1층105 (하동, 휴먼시아아파트)",37.2940221,127.0656449
79,"영통구 법조로 38,  1층 107호 (하동, 광교 더샵 레이크파크)",37.2870073,127.0625015
80,영통구 법조로149번길 150 (하동),37.2917925,127.0698736
81,"영통구 법조로149번길 101,  1층 (하동)",37.2938931,127.0689520
82,"영통구 광교중앙로248번길 7-2 (하동, 원희캐슬 광교)",37.2910333,127.0666707
83,"영통구 광교마을로156, 101호",37.2953851,127.0836087
84,"영통구 광교호수공원로 300, 1층149호 (하동, 포레나 광교)",37.2841872,127.0580985
85,"영통구 센트럴파크로34, 103호",37.2891577,127.0635925
86,영통구 법조로149번길 127 (하동),37.2928044,127.0694737
87,"영통구 법조로 134,  참누리레이크상가 (하동, 광교호수마을참누리레이크)",37.2912048,127.0728542
88,"영통구 센트럴파크로 6 (하동, 힐스테이트 광교)",37.2856370,127.0644347
89,"영통구 광교중앙로266번길 30, 그랜드프라자124호 (하동)",37.2923113,127.0687153
90,"영통구 광교호수로 84 (하동, 휴먼시아아파트)",37.2754744,127.0673734
91,영통구 법조로149번길 265 (하동),37.2931011,127.0699543
92,경기 용인시 수지구 광교마을로 33 (상현동),37.2992620,127.0685323
93,"영통구 광교중앙로 247 (하동, 휴먼시아아파트)",37.2940221,127.0656449
94,"영통구 법조로 38, 판매시설동지하1층B30호 (하동, 광교 더샵 레이크파크)",37.2870073,127.0625015
95,영통구 광교호수로 101 (하동),37.2774661,127.0667277
96,"영통구 법조로25, 1층147호",37.2874971,127.0602549
97,"영통구 광교중앙로248번길 95-1, 제1층 107호 (하동)",37.2915326,127.0683641
98,"영통구 광교호수공원로 300, 106호 (하동, 포레나 광교)",37.2841872,127.0580985
99,"영통구 센트럴파크로 33, 힐스테이트 상가 107호 (하동, 광교힐스테이트레이크)",37.2884884,127.0628241
100,"영통구 광교중앙로 140, 104호 (하동, 수원컨벤션센터)",37.2858287,127.0594469
101,영통구 법조로149번길8,37.2928146,127.0717709
102,"영통구 광교중앙로 140, 100호 (하동, 수원컨벤션센터)",37.2858287,127.0594469
103,"영통구 광교중앙로248번길7-2, C동109호",37.2910333,127.0666707
104,"영통구 센트럴파크로 6 (하동, 힐스테이트 광교)",37.2856370,127.0644347
105,경기 용인시 수지구 광교중앙로295번길 3 (상현동),37.2963143,127.0681667
106,"영통구 광교호수로152번길 23 (하동, 광교 LAKE PARK 한양수자인)",37.2809001,127.0714897
107,"영통구 법조로150번길 19,  상록아파트 상가 (하동, 호수마을광교상록아파트)",37.2931029,127.0737932
108,"영통구 대학로 103, 골드클레스 7상가 (이의동, 골드클래스)",37.3046356,127.0471776
109,"화성시 용주로, 21",37.2048563,127.0144820
110,화성시 영통로 26번길7,37.2337686,127.0648301
111,영통구 영통로90번길 12 (망포동),37.2376581,127.0598905
112,"영통구 영통로130번길 42 (망포동, 동해회수산)",37.2396740,127.0585032
113,영통구 영통로174번길 85 (망포동),37.2439326,127.0600857
114,영통구 영통로112번길 24 (망포동),37.2390692,127.0568862
115,영통구 영통로90번길 24 (망포동),37.2382749,127.0596663
116,"영통구 봉영로 1432-25 (망포동, 방죽마을영통뜨란채)",37.2411783,127.0653851
117,영통구 태장로 70 (망포동),37.2389474,127.0538328
118,영통구 영통로174번길 49 (망포동),37.2433733,127.0583284
119,영통구 영통로90번길 43 (망포동),37.2390131,127.0589723
120,영통구 영통로200번길 130 (망포동),37.2435882,127.0634843
121,영통구 영통로154번길 106 (망포동),37.2411984,127.0615777
122,"영통구 영통로200번길 112, 근린생활시설 101호 (망포동, 영통 SK VIEW)",37.2430121,127.0622303
123,"영통구 태장로82번길 32, 103 (망포동, 동수원자이1차)",37.2367490,127.0536468
124,"영통구 영통로90번길 4-27 , 101,102호 (망포동, 늘푸른 벽산아파트)",37.2399984,127.0610580
125,"영통구 영통로154번길 56 (망포동, 한양수자인 에듀파크)",37.2408131,127.0573279
126,"영통구 영통로 111, LG3차분산상가 (망포동, 엘지동수원자이아파트)",37.2368861,127.0562371
127,"영통구 영통로 103, 110호 (망포동, 뉴LG프라자)",37.2373951,127.0583022
128,영통구 영통로174번길64,37.2432328,127.0591381
129,"영통구 영통로90번길 4-27 (망포동, 늘푸른 벽산아파트)",37.2399984,127.0610580
130,영통구 영통로154번길 60 (망포동),37.2412947,127.0590114
131,"영통구 영통로 136, 센트럴타워1층 (망포동, 센트럴타워)",37.2396921,127.0561768
132,영통구 영통로90번길 4-16 (망포동),37.2377970,127.0608445
133,"영통구 태장로54번길 92,  진성프라자 106호1 (망포동, 진성프라자)",37.2350822,127.0515886
134,"영통구 영통로153번길 20,  (망포동 해피프라자) (망포동, 해피프라자)",37.2414814,127.0542026
135,"영통구 영통로153번길 98 (망포동, 국제프라자)",37.2414119,127.0499631
136,"영통구 덕영대로 1462-14 (망포동, 힐스테이트 영통 아파트)",37.2438383,127.0491010
137,영통구 덕영대로 1462-14  힐스테이트 영통 602동 105호,37.2438383,127.0491010
138,"영통구 덕영대로 1462-14, 602동 105호 (망포동, 힐스테이트 영통 아파트)",37.2438383,127.0491010
139,영통구 영통로173번길 19 (망포동),37.2428766,127.0539878
140,"영통구 태장로71번길 15,  LG 2차상가  (망포동, 망포마을동수원엘지빌리지)",37.2399993,127.0538316
141,"영통구 영통로 195,  골든스퀘어 B동 (망포동, 골든스퀘어)",37.2452099,127.0558468
142,영통구 태장로 6 (망포동),37.2380725,127.0466972
143,영통구 태장로54번길 64 (망포동),37.2363024,127.0518346
144,"영통구 태장로71번길 8, 1층 (망포동)",37.2398044,127.0543066
145,영통구 영통로173번길 23-28 (망포동),37.2421162,127.0529431
146,"영통구 영통로 195 (망포동, 골든스퀘어)",37.2452099,127.0558468
147,"영통구 영통로 136, 117호 (망포동, 센트럴타워)",37.2396921,127.0561768
148,"영통구 태장로7번길 38, 쌍용3차@상가 (망포동, 쌍용3차아파트)",37.2394517,127.0476025
149,영통구 동탄지성로 550-24 (망포동),37.2409407,127.0493582
150,"영통구 영통로 135 (망포동, 망포동 근린생활시설)",37.2396539,127.0555755
151,영통구 삼성로168번길 38,37.2586473,127.0586610
152,"영통구 매여울로57번길 2, 1층 (매탄동)",37.2731279,127.0442551
153,영통구 매여울로67번길 48 (매탄동),37.2745551,127.0426310
154,영통구 매여울로57번길 2 (매탄동),37.2731279,127.0442551
155,"영통구 매탄로108번길 48 (매탄동, 삼성프라자Ⅱ)",37.2596505,127.0453531
156,"영통구 권광로260번길 36, 상가3동 105~106호 (매탄동, 현대힐스테이트아파트)",37.2716966,127.0396241
157,"영통구 인계로 165, 주공5단지상가 (매탄동, 주공5단지아파트)",37.2674225,127.0372038
158,영통구 중부대로256번길 35 (매탄동),37.2730179,127.0432007
159,영통구 매여울로53번길 76-15 (매탄동),37.2736188,127.0408187
160,영통구 동탄원천로881번길 72 (매탄동),37.2561923,127.0429141
161,영통구 매여울로53번길 46-4 (매탄동),37.2725179,127.0424795
162,"영통구 중부대로246번길 10, 1층6..7  호 (매탄동)",37.2746555,127.0423756
163,"영통구 중부대로 278, 1층 (매탄동)",37.2738393,127.0460518
164,"영통구 인계로189번길 7, 주공5단지 종합상가101 (매탄동, 종합상가)",37.2662810,127.0380283
165,영통구 중부대로256번길 14 (매탄동),37.2740817,127.0434422
166,"영통구 중부대로246번길 47 (매탄동, 매탄빌딩)",37.2728984,127.0418856
167,영통구 매여울로68번길 2 (매탄동),37.2735520,127.0450380
168,영통구 매여울로53번길 77 (매탄동),37.2728771,127.0404726
169,영통구 중부대로 274 (매탄동),37.2739048,127.0457570
170,"영통구 인계로189번길 14, 주공4단지상가 (매탄동, 주공4단지아파트)",37.2679355,127.0409058
171,"영통구 권광로290번길 34-18 (매탄동, 우주타운)",37.2733108,127.0380541
172,영통구 중부대로246번길 51 (매탄동),37.2727144,127.0418158
173,"영통구 인계로189번길 46, 나동 101호 (매탄동, 종합상가)",37.2678954,127.0395059
174,"영통구 중부대로 254, 1층 (매탄동)",37.2745205,127.0435641
175,영통구 동수원로514번길 53 (매탄동),37.2715709,127.0490822
176,"영통구 동수원로 498 (매탄동, 유당빌딩)",37.2720216,127.0452220
177,영통구 매봉로35번길 51 (매탄동),37.2718300,127.0500478
178,"영통구 권광로260번길 36, 현대힐스테이트 아파트 상가 1층 106, 107호 (매탄동, 현대힐스테이트아파트)",37.2716966,127.0396241
179,영통구 매봉로 51 (매탄동),37.2725567,127.0532067
180,영통구 매여울로40번길 20-1 (매탄동),37.2720515,127.0463813
181,영통구 매봉로35번길 25 (매탄동),37.2714425,127.0513867
182,영통구 매봉로35번길 25 (매탄동),37.2714425,127.0513867
183,"영통구 동탄원천로1109번길 104, 1층 (매탄동)",37.2709424,127.0531833
184,영통구 매봉로27번길 18 (매탄동),37.2707774,127.0516783
185,영통구 매봉로49번길 51 (매탄동),37.2726551,127.0504470
186,영통구 매여울로 36 (매탄동),37.2712931,127.0457019
187,영통구 동수원로514번길 11 (매탄동),37.2723796,127.0471752
188,"영통구 매영로85, 1층 성일코아빌딩",37.2681575,127.0520862
189,"영통구 매영로35번길 25, 1층 (매탄동)",37.2706230,127.0470951
190,"영통구 동탄원천로1109번길 37 (매탄동, 한국아파트)",37.2695154,127.0566722
191,영통구 매봉로35번길 12 (매탄동),37.2713863,127.0522998
192,영통구 매여울로40번길 92 (매탄동),37.2726496,127.0501364
193,"영통구 동탄원천로1109번길 42 (매탄동, 원천성일아파트)",37.2705512,127.0566478
194,영통구 산남로 73 (매탄동),37.2694806,127.0492341
195,"영통구 매여울로 11 (매탄동, 동수원새마을금고2분소)",37.2703668,127.0479565
196,영통구 매봉로 38 (매탄동),37.2712879,127.0531442
197,"영통구 동수원로 514 (매탄동, 세림빌딩)",37.2727814,127.0469742
198,영통구 매탄로79번길6-2,37.2582849,127.0421015
199,영통구 삼성로168번길100,37.2614031,127.0599535
200,"영통구 동탄원천로881번길35, 상가동104호",37.2546405,127.0409337
201,"영통구 효원로383, 109호",37.2592717,127.0436222
202,영통구 신원로198번길 47-2 (매탄동),37.2545624,127.0618309
203,"영통구 매탄로140번길 54-2, 1층 상가 101호 (매탄동)",37.2624876,127.0467040
204,영통구 인계로264번길 16-5 (매탄동),37.2631045,127.0456144
205,영통구 신원로 188 (매탄동),37.2524094,127.0599075
206,"영통구 매탄로108번길 24, 삼성플라자1-103호 (매탄동, 삼성프라자Ⅰ)",37.2599062,127.0446143
207,"영통구 신원로198번길 72 (매탄동, 미가원)",37.2556152,127.0621127
208,영통구 동수원로286번길 13-2 (매탄동),37.2549637,127.0371114
209,영통구 인계로292번길 26 (매탄동),37.2620832,127.0486967
210,영통구 삼성로168번길 15 (매탄동),37.2580615,127.0575016
211,"영통구 효원로 397,  중앙프라자104호 (매탄동, 중앙프라자)",37.2590560,127.0451590
212,"영통구 동수원로 316, 임광아파트상가 (매탄동, 임광아파트)",37.2577212,127.0385506
213,영통구 매탄로 55-1 (매탄동),37.2562360,127.0407244
214,"영통구 매탄로100번길 17, 우영프라자 103호 (매탄동, 우영프라자Ⅱ)",37.2596011,127.0442221
215,"영통구 효원로 363, 위브하늘채 상가지하1 (매탄동, 매탄 위브 하늘채)",37.2622858,127.0414010
216,영통구 신원로 295 (매탄동),37.2618601,127.0602976
217,"영통구 매탄로126번길 22, 101호 (매탄동, 주공그린빌)",37.2612311,127.0449032
218,"영통구 매탄로 142 (매탄동, 양성프라자)",37.2632713,127.0442440
219,영통구 권선로803번길 36 (매탄동),37.2570155,127.0399034
220,"영통구 동탄원천로881번길 19, 주공그린빌6단지 (매탄동, 주공그린빌)",37.2533011,127.0412784
221,영통구 인계로220번길 6-85 (매탄동),37.2639585,127.0408923
222,"영통구 효원로400, 109호",37.2580632,127.0453787
223,영통구 신원로211번길 19 (매탄동),37.2551954,127.0591522
224,영통구 신원로 228 (매탄동),37.2561634,127.0603212
225,"영통구 신원로 259-2, 1층 (매탄동)",37.2587198,127.0603097
226,영통구 매탄로140번길 68-32 (매탄동),37.2616891,127.0472956
227,"영통구 삼성로168번길 64, 101호 (매탄동)",37.2598825,127.0591894
228,"영통구 인계로 240, 1-16호 (매탄동, 삼호그랜드빌라)",37.2644596,127.0435730
229,영통구 신원로250번길 2 (매탄동),37.2574675,127.0600514
230,영통구 매탄로 37 (매탄동),37.2549030,127.0397190
231,"영통구 효원로 400, 레몬스포렉스105호 (매탄동, 레몬스포렉스)",37.2580632,127.0453787
232,"영통구 매탄로126번길 66, 주공그린빌2단지상가 (매탄동, 주공그린빌)",37.2603706,127.0468729
233,"영통구 권선로794번길 8-1, 1층 (매탄동)",37.2557011,127.0376019
234,영통구 효원로 364 (매탄동),37.2591218,127.0411585
235,영통구 삼성로 210 (매탄동),37.2611504,127.0598107
236,"영통구 동수원로 294-1, 1층 (매탄동)",37.2556819,127.0366147
237,영통구 매탄로 43 (매탄동),37.2552490,127.0401361
238,"영통구 인계로 254, 효원빌라제상가동 1층  (매탄동, 효원빌라)",37.2636866,127.0446174
239,영통구 영통로 301 (매탄동),37.2531694,127.0611449
240,"영통구 인계로 264 (매탄동, 매탄삼성내과의원)",37.2637050,127.0463546
241,"영통구 동탄원천로915번길 36, 주공그린빌 3단지 (매탄동, 주공그린빌)",37.2568042,127.0444693
242,"영통구 영통로323번길 45 (매탄동, 매탄동빌딩)",37.2546167,127.0604435
243,"영통구 효원로 381 (매탄동, 새롬프라자16차)",37.2593356,127.0433161
244,"영통구 효원로 363, 매탄위브상가 (매탄동, 매탄 위브 하늘채)",37.2622858,127.0414010
245,영통구 매원로12 1층,37.2664806,127.0474213
246,영통구 산남로34번길 32-4 (매탄동),37.2648510,127.0492100
247,영통구 매탄로168번길 32 (매탄동),37.2647618,127.0471868
248,영통구 삼성로 245 (매탄동),37.2643300,127.0610812
249,영통구 산남로 55 (매탄동),37.2680589,127.0488155
250,영통구 매영로46번길 12 (매탄동),37.2685838,127.0471888
251,영통구 산남로 34 (매탄동),37.2659650,127.0492277
252,영통구 인계로 293-1 (매탄동),37.2632388,127.0496239
253,영통구 매탄로168번길 2 (매탄동),37.2652274,127.0455632
254,영통구 매탄로178번길 30 (매탄동),37.2653109,127.0466545
255,"영통구 동탄원천로 1035, 상가동105호 (매탄동, 매탄3차삼성아파트)",37.2661929,127.0503200
256,영통구 인계로 283-2 (매탄동),37.2635218,127.0485489
257,영통구 매원로 18 (매탄동),37.2662986,127.0480146
258,"영통구 매영로 10, 삼성아파트 상가 (매탄동, 삼성2차아파트)",37.2694013,127.0435125
259,"영통구 인계로 219, 삼성종합상가지층 (매탄동, 삼성1차아파트)",37.2658520,127.0418925
260,영통구 매원로11번길 32 (매탄동),37.2679456,127.0480706
261,영통구 산남로22 (매탄동),37.2651727,127.0484595
262,"영통구 동수원로 432, 동남상가5동 105호 (매탄동, 동남아파트)",37.2669616,127.0427808
263,"영통구 매영로 134, 상가동 101호 (매탄동, 수원 원천1단지 주공아파트)",37.2664309,127.0571058
264,"영통구 매영로 84, (지하) (매탄동, 한국아파트)",37.2674117,127.0515297
265,"영통구 청명로 130, 상가동102/103 (영통동, 벽산삼익아파트)",37.2568633,127.0744605
266,영통구 봉영로 1612 (영통동),37.2544858,127.0750136
267,"영통구 청명북로33, 상가동1층",37.2550161,127.0789786
268,"영통구 중부대로 604, 계룡리슈빌 132호 (영통동, 수원영통리슈빌스카이오피스텔)",37.2673389,127.0811241
269,"영통구 봉영로1744번길 16, 쌍용상가 101 (영통동, 쌍용아파트)",37.2638970,127.0832056
270,"영통구 영통로 498 (영통동, 황골마을주공1단지아파트)",37.2624049,127.0795000
271,"영통구 청명남로 30 (영통동, 거성빌딩)",37.2522032,127.0754309
272,"영통구 청명북로 67 (영통동, 청명마을주공아파트)",37.2573362,127.0797388
273,"영통구 청명북로 96-1, 1층 (영통동)",37.2598833,127.0800061
274,영통구 청명남로 50 (영통동),37.2538100,127.0769014
275,"영통구 봉영로1744번길 11 (영통동, 벽산.풍림아파트)",37.2664532,127.0836767
276,영통구 영통로525번길 19 (영통동),37.2656135,127.0763008
277,영통구 봉영로 1761 (영통동),37.2662945,127.0816543
278,"영통구 영통로 513, 1층 (영통동)",37.2645708,127.0774698
279,영통구 청명로 73-1 (영통동),37.2535609,127.0790686
280,"영통구 청명북로 83,  청명주공A 가동 (영통동, 청명마을주공아파트)",37.2585846,127.0800124
281,"영통구 영통로514번길 52, 상가 나 104호 (영통동, 황골마을주공1단지아파트)",37.2644256,127.0808103
282,"영통구 봉영로 1526, 살구골7단지 지하1층 (영통동, 살구골 진덕,서광,성지,동아 아파트)",37.2486861,127.0700908
283,"영통구 영통로 460, 분산상가동 1층 103호 (영통동, 대우.동신아파트)",37.2597003,127.0776126
284,"영통구 봉영로1770번길 21, 상가동 지하(영통동,신명,한국아파트) (영통동, 신명.한국아파트)",37.2679833,127.0837750
285,영통구 청명로 85 (영통동),37.2542354,127.0779754
286,"영통구 매영로310번길 46 (영통동, 소망문화센터)",37.2524996,127.0654073
287,"영통구 청명로 96 (영통동, 건영1차아파트)",37.2550975,127.0776018
288,"영통구 영통로 460 (영통동, 대우.동신아파트)",37.2597003,127.0776126
289,"영통구 영통로 498, 가동 103호 (영통동, 황골마을주공1단지아파트)",37.2624049,127.0795000
290,"영통구 영통동947-10, 102호",37.2659229,127.0811858
291,영통구 봉영로1759번길 1 (영통동),37.2659305,127.0816685
292,"영통구 봉영로 1606,  미네시티프라자1층 (영통동, 미네시티)",37.2538737,127.0744859
293,"영통구 봉영로1770번길 21 (영통동, 신명.한국아파트)",37.2679833,127.0837750
294,영통구 영통로501번길1-4,37.2634380,127.0774435
295,"영통구 봉영로 1576 (영통동, 영통홈플러스)",37.2518146,127.0725998
296,영통구  영통로 514,37.2644732,127.0779807
297,"영통구 영통로514번길 53,  주공상가 (영통동, 황골마을주공2단지아파트)",37.2655522,127.0801326
298,"영통구 덕영대로1499번길 55, 2층 (망포동, 태방전자)",37.2473779,127.0544940
299,"영통구 봉영로1517번길 23, 벽적골9단지상가 101호 (영통동, 벽적골9단지 주공아파트)",37.2486200,127.0666017
300,영통구 권선로 908번길25,37.2474510,127.0451920
301,영통구 신원로 33 (신동),37.2496084,127.0459207
302,영통구 권선로882번길 26-5 (신동),37.2492125,127.0423578
303,영통구 신원로 127-1 (신동),37.2489407,127.0553272
304,"영통구 덕영대로1556번길 16, 엠파이어 a동 226호 (영통동, 디지털엠파이어빌딩)",37.2452904,127.0591706
305,"영통구 영통로214번길 55 (영통동, 세일빌딩)",37.2467020,127.0603162
306,"영통구 영통로290번길26, 나상가동104호",37.2511412,127.0615472
307,"영통구 영통로 237, B2층 202호",37.2486678,127.0570044
308,"영통구 덕영대로1400, 상가 A동 3호, 4호",37.2433563,127.0423271
309,영통구 덕영대로1483번길 16-4 (망포동),37.2464827,127.0528400
310,"영통구 신원로 173-1 (신동, 고시원)",37.2517490,127.0588175
311,영통구 신원로 66 (신동),37.2481252,127.0486597
312,영통구 영통로241번길 12-6 (신동),37.2492257,127.0572264
313,영통구 신원로136번길 12 (신동),37.2487559,127.0556583
314,영통구 봉영로1492번길 50 (영통동),37.2452202,127.0681788
315,영통구 영통로213번길 24 (영통동),37.2465111,127.0555959
316,"영통구 매영로345번길 7 (영통동, 영통트리플렉스)",37.2527660,127.0708960
317,"영통구 봉영로1517번길 27 (영통동, 벽적골9단지 주공아파트)",37.2474596,127.0658500
318,"영통구 봉영로 1605 (영통동, 모던타운)",37.2545285,127.0734663
319,"영통구 덕영대로1555번길 13 (영통동, 세일빌딩)",37.2467721,127.0608039
320,경기 용인시 기흥구 예현로 23 (서천동),37.2447425,127.0685464
321,영통구 봉영로 1587,37.2533329,127.0723331
322,"영통구 매영로345번길 7, 영통프리플렉스 108호 (영통동, 영통트리플렉스)",37.2527660,127.0708960
323,"영통구 영통로290번길 28 (영통동, 벽적골주공 휴먼시아8단지)",37.2512793,127.0621861
324,영통구 영통로200번길 63 (영통동),37.2445504,127.0601305
325,"영통구 신원로 88 (신동, 디지털엠파이어2)",37.2474698,127.0503626
326,"영통구 덕영대로1556번길 16, 디지털엠파이어D동 251호 (영통동, 디지털엠파이어빌딩)",37.2452904,127.0591706
327,"영통구 봉영로 1579,  지하1층 (영통동, 롯데마트 영통점)",37.2527349,127.0716575
328,"영통구 신원로 105 (신동, 신동우편취급소)",37.2479870,127.0528878
329,"영통구 신원로 88, 101동 107호 (신동, 디지털엠파이어2)",37.2474698,127.0503626
330,"영통구 영통로214번길 41 (영통동, 토야 플라자)",37.2467017,127.0594637
331,영통구 영통로 215 (영통동),37.2466245,127.0568135
332,영통구 신원로136번길 30 (신동),37.2480622,127.0549370
333,"덕영대로1556번길16, E동129호",37.2452904,127.0591706
334,영통구 봉영로1482번길 17-4 (영통동),37.2452701,127.0668376
335,"영통구 영통로290번길 25 주공상가나동101호 (영통동, 신나무실주공아파트)",37.2521858,127.0634073
336,영통구 봉영로 1517번길 73,37.2492434,127.0638949
337,영통구 청명로77번길 7 (영통동),37.2534796,127.0787618
338,"영통구 영통로200번길 21, 102호 (영통동, 현대프라자)",37.2446519,127.0579139
339,"영통구 매영로310번길 12 (영통동, 신성.신안.쌍용.진흥아파트)",37.2543887,127.0658336
340,"영통구 권선로882번길 107-50, 102호 (신동)",37.2468178,127.0414855
341,"영통구 덕영대로1555번길 46 (영통동, 롯데크리닉상가)",37.2482591,127.0615982
342,"영통구 덕영대로1556번길 16, 디지털엠파이어B-1208 (영통동, 디지털엠파이어빌딩)",37.2452904,127.0591706
343,"영통구 덕영대로1555번길 16, 롯데상가109호 (영통동, 벽적골롯데아파트)",37.2467959,127.0615894
344,"영통구 영통로290번길 25, 신나무실 주공5 (영통동, 신나무실주공아파트)",37.2521858,127.0634073
345,"영통구 권선로882번길 107-38, 101호 (신동)",37.2468144,127.0424748
346,영통구 권선로882번길 31-31 (신동),37.2480676,127.0441501
347,"영통구 봉영로1517번길 20, 극동풍림상가 (영통동, 극동.풍림아파트)",37.2490911,127.0674864
348,"영통구 봉영로 1623 (영통동, 드림피아빌딩)",37.2559363,127.0747301
349,영통구 신원로 97 (신동),37.2477730,127.0523733
350,"영통구 권선로908번길 35, 1층 (신동)",37.2471361,127.0448841
351,"영통구 덕영대로1556번길 16 D동170호, 168~170 (영통동, 디지털엠파이어빌딩)",37.2452904,127.0591706
352,"영통구 덕영대로1555번길 16,  (신영통점) (영통동, 벽적골롯데아파트)",37.2467959,127.0615894
353, 용인시 기흥구 서그내로 17,37.2455517,127.0739281
354,"영통구 매영로345번길7, 101호",37.2527660,127.0708960
355,"영통구 매영로310번길87, 지하층101,102,103호",37.2506929,127.0640570
356,"영통구 봉영로 1526 (영통동, 살구골 진덕,서광,성지,동아 아파트)",37.2486861,127.0700908
357,영통구 덕영대로 1707 (영통동),37.2479807,127.0781928
358,"영통구 영일로 8 (영통동, 메가플러스4)",37.2484227,127.0760310
359,영통구 매영로425번길 1 (영통동),37.2488600,127.0778974
360,영통구 매영로346,37.2513763,127.0698218
361,영통구 청명로43번길 15 (영통동),37.2511652,127.0797503
362,영통구 반달로 100 (영통동),37.2526178,127.0776146
363,"영통구 봉영로1613, 1층 106호",37.2551599,127.0739037
364,"영통구 반달로 31, 104 (영통동, 호원빌딩)",37.2510671,127.0759619
365,영통구 영일로 3 (영통동),37.2480882,127.0754967
366,"영통구 청명남로 12, 1층 (영통동)",37.2510814,127.0742802
367,"영통구 반달로35번길 30, 105호, 106호 (영통동, 영통역 아이파크)",37.2517809,127.0774605
368,"영통구 청명남로 31,  홈플러스뒤 키넥스맞은편 (영통동, 키라레스토아)",37.2529491,127.0752912
369,"영통구 영일로6번길 43 (영통동, 이레빌딩)",37.2483329,127.0782109
370,"영통구 청명로21번길 15 (영통동, 해광빌딩) 1층",37.2498988,127.0791340
371,"영통구 반달로35번길 19 (영통동, 대원빌딩)",37.2517568,127.0762086
372,영통구 매영로 390 (영통동),37.2493230,127.0742657
373,영통구 반달로 103 (영통동),37.2524273,127.0771437
374,"영통구 덕영대로 1699 (영통동, 영통빌딩)",37.2479740,127.0770925
375,영통구 영일로6번길 17 (영통동),37.2483310,127.0767460
376,"영통구 봉영로1569, 109호",37.2520638,127.0710165
377,"영통구 반달로7번길 6 (영통동, 센타프라자)",37.2523005,127.0740131
378,"영통구 청명로 7, 112호 (영통동, 청명타운텔)",37.2484215,127.0788864
379,"영통구 영통로 111 (망포동, 엘지동수원자이아파트)",37.2368861,127.0562371
380,영통구 청명남로 40 (영통동),37.2529355,127.0762985
381,영통구 청명남로4번길 28 (영통동),37.2495448,127.0746818
382,영통구 청명북로8,37.2522891,127.0794024
383,영통구 매영로425번길 16 (영통동),37.2494429,127.0781682
384,"영통구 봉영로 1605 (영통동, 모던타운)",37.2545285,127.0734663
385,영통구 광교호수공원로 80,37.2739774,127.0612197
386,"영통구 광교호수로 15 (원천동, 광교더샵)",37.2717097,127.0618538
387,"영통구 중부대로448번길 28, 상가동101호 (원천동, 원천 레이크파크아파트)",37.2686912,127.0608757
388,"영통구 중부대로448번길 97, 1층 108호 (원천동, 삼성테크노파크)",37.2665010,127.0594225
389,"영통구 광교호수공원로 80 (원천동, 광교아이파크)",37.2739774,127.0612197
390,"영통구 월드컵로97번길 50, 1층 (원천동)",37.2744298,127.0507823
391,영통구 광교호수공원로 277,37.2824071,127.0582392
392,영통구 동수원로537번길 16-6 (원천동),37.2743825,127.0483742
393,영통구 월드컵로 151 (원천동),37.2772054,127.0485201
394,영통구 매영로 249 (원천동),37.2590864,127.0651451
395,영통구 매영로238번길 30 (원천동),37.2604674,127.0631089
396,"영통구 월드컵로179번길 19 (원천동, 주공아파트)",37.2778518,127.0455925
397,"영통구 신원로 304, 3-105 (원천동, 영통 이노플렉스-2단지)",37.2621931,127.0609310
398,영통구 광교호수공원로 277,37.2824071,127.0582392
399,영통구 삼성로267번길 28,37.2667883,127.0624495
400,"영통구 아주로 46 (원천동, 아록빌딩)",37.2788022,127.0440842
401,영통구 동수원로537번길 35-2 (원천동),37.2745326,127.0469587
402,"영통구 월드컵로150번길 20, 아주프라자 (원천동, 아주프라자)",37.2778991,127.0498867
403,영통구 중부대로448번길 29 (원천동),37.2681085,127.0629722
404,영통구 월드컵로193번길 74 (원천동),37.2758996,127.0447352
405,영통구 신원로294번길 40-6 (원천동),37.2606382,127.0622042
406,"영통구 삼성로277번길 12-25 (원천동, 에플트리하우스)",37.2671307,127.0652536
407,"영통구 매영로199번길 35 (원천동, (주)아주물산)",37.2643701,127.0645769
408,"영통구 월드컵로87번길 7, 103호 (원천동)",37.2737800,127.0545816
409,"영통구 중부대로448번길 89 (원천동, 밀코오토월드)",37.2666921,127.0599758
410,"영통구 중부대로448번길 96, 늘푸른상가 (원천동)",37.2671103,127.0594434
411,"영통구 광교호수공원로 277 (원천동, 광교중흥에스클래스)",37.2824071,127.0582392
412,"영통구 월드컵로179번길 70,  1층 (원천동)",37.2755583,127.0455039
413,영통구 월드컵로149번길 36 (원천동),37.2756433,127.0478984
414,영통구 동탄원천로1119번길 13 (원천동),37.2697167,127.0587499
415,"영통구 광교중앙로 55, 105호 (원천동, 광교두산위브)",37.2804625,127.0511962
416,영통구 삼성로277번길 22 (원천동),37.2670787,127.0637055
417,영통구 신원로294번길 8 (원천동),37.2613853,127.0607099
418,영통구 월드컵로193번길 23 (원천동),37.2781511,127.0448041
419,"영통구 중부대로271번길 27-11, 101호 (원천동, 주공아파트)",37.2761566,127.0461632
420,영통구 광교중앙로25번길 5 (원천동),37.2775835,127.0513062
421,"영통구 삼성로268번길 6, 상가동 1층 (원천동, 원천1차삼성아파트)",37.2653528,127.0631885
422,영통구 매영로199번길 32-1 (원천동),37.2641814,127.0648827
423,"영통구 신원로 306, 이노플렉스2층108호 (원천동, 영통 이노플렉스-1단지)",37.2623064,127.0619174
424,"경기 용인시 기흥구 흥덕중앙로 60 (영덕동, 이마트)",37.2757484,127.0733378
425,영통구 광교호수공원로277,37.2824071,127.0582392
426,"영통구 광교호수공원로 155, 상가1204동 지3층 비118호 (원천동, 수원광교에일린의뜰)",37.2781662,127.0589661
427,영통구 월드컵로185,37.2787176,127.0453032
428,영통구 중부대로 335 (원천동),37.2736042,127.0526031
429,영통구 신원로 274 102호(원천동),37.2598531,127.0609741
430,영통구 동수원로537번길 23 (원천동),37.2743027,127.0477020
431,영통구 삼성로 320 (원천동),37.2674474,127.0688945
432,영통구 중부대로 402 (원천동),37.2706462,127.0592258
433,"영통구 삼성로 274, 104호 (원천동, 수원팩토리월드)",37.2655388,127.0643859
434,"영통구 광교호수공원로 45, 106호",37.2731434,127.0564226
435,영통구 동수원로537번길 51-2 (원천동),37.2746015,127.0462257
436,"영통구 중부대로 437 (원천동, 홈플러스테스코주식회사)",37.2701012,127.0636510
437,영통구 중부대로448번길 106 (원천동),37.2667157,127.0588035
438,"영통구 월드컵로 123 (원천동, 승전빌딩)",37.2754227,127.0505835
